,STOCK_E,STOCK_F,STOCK_G,STOCK_D,STOCK_A,STOCK_B,STOCK_C
STOCK_E,-0.0037685283,0.49051803,0.39697576,0.54938626,0.45791334,0.7253055,0.37720203
STOCK_F,0.53202134,-0.16635384,0.5134188,0.3356722,0.6675418,0.7944892,0.6426791
STOCK_G,0.49409753,0.6833228,-0.22099619,0.29391152,0.8056585,0.7132295,0.39203566
STOCK_D,0.4772938,0.42718035,0.3484942,-0.12598339,0.87066257,0.5158333,0.40778953
STOCK_A,0.7365025,0.91514075,0.49037138,0.4961055,-0.057276726,0.58303773,0.79933393
STOCK_B,0.6097388,0.80986196,0.4709826,0.45434636,0.79557276,-0.23294,0.751009
STOCK_C,0.7189983,0.47029728,0.7102567,0.6069628,0.8026608,0.74691236,0.037005015
