Metric,Value
Total Return (%),217.65862204000172
Annualized Return (%),46.9493100913279
Sharpe Ratio,0.8899717397525901
Maximum Drawdown (%),-43.65637647132058
